time,seconds_elapsed,z,y,x
1775033685423140400,0.076140380859375,9.34875774383545,1.5840486288070679,-0.638883650302887
1775033685474618000,0.1276181640625,9.937392234802246,1.6630117893218994,-0.5575276613235474
1775033685526098700,0.1790986328125,9.607182502746582,1.7467604875564575,-0.5934200286865234
1775033685577579500,0.23057958984375,9.779465675354004,1.6582261323928833,-0.5862415432929993
1775033685629060000,0.28206005859375,9.707681655883789,1.6582261323928833,-0.6436693072319031
1775033685680540700,0.333540771484375,9.623932838439941,1.7802600860595703,-0.5599204897880554
1775033685732021200,0.385021240234375,9.856036186218262,1.5912270545959473,-0.6269195079803467
1775033685783502000,0.436502197265625,9.592825889587402,1.6390835046768188,-0.7393822073936462
1775033685834982700,0.487982666015625,9.76989459991455,1.7994025945663452,-0.3326023519039154
1775033685886463200,0.539463134765625,9.710074424743652,1.5481562614440918,-0.5575276613235474
1775033685937943800,0.59094384765625,9.736394882202148,1.5720844268798828,-0.6149554252624512
1775033685989424400,0.64242431640625,9.695717811584473,1.7276179790496826,-0.5288137793540955
1775033686040905200,0.6939052734375,9.674181938171387,1.6079767942428589,-0.4977070987224579
1775033686092385800,0.7453857421875,9.81535816192627,1.588834285736084,-0.8159525394439697
1775033686143866400,0.796866455078125,9.650253295898438,1.7276179790496826,-0.7106683254241943
1775033686195347000,0.848346923828125,9.631111145019531,1.789831280708313,-0.7393822073936462
1775033686246827500,0.89982763671875,9.767501831054688,1.6582261323928833,-0.8279166221618652
1775033686298308400,0.951308349609375,9.762716293334961,1.5672988891601562,-0.6340979933738708
1775033686349789000,1.002788818359375,9.698110580444336,1.648654818534851,-0.5575276613235474
1775033686401269500,1.05426953125,9.729216575622559,1.6223337650299072,-0.5647061467170715
1775033686452750000,1.10575,9.7005033493042,1.7252250909805298,-0.6843472719192505
1775033686547131400,1.20013134765625,9.710074424743652,1.6654045581817627,-0.638883650302887
1775033686598612000,1.251612060546875,9.781859397888184,1.6223337650299072,-0.6675975322723389
1775033686650092500,1.303092529296875,9.745966911315918,1.7467604875564575,-0.6029912829399109
1775033686701573000,1.354572998046875,9.678967475891113,1.5984054803848267,-0.5599204897880554
1775033686753054000,1.406053955078125,9.643074989318848,1.887937068939209,-0.397208571434021
1775033686804534500,1.457534423828125,9.772287368774414,1.7324036359786987,-0.5096712112426758
1775033686856015000,1.50901513671875,9.76989459991455,1.7587246894836426,-0.4905286431312561
1775033686907495700,1.56049560546875,9.66221809387207,1.7012969255447388,-0.519242525100708
1775033686958976500,1.6119765625,9.722038269042969,1.6869399547576904,-0.37088751792907715
1775033687010457000,1.66345703125,9.657432556152344,1.8161523342132568,-0.30149564146995544
1775033687061937700,1.714937744140625,9.726823806762695,1.794616937637329,-0.3900300860404968
1775033687113418200,1.766418212890625,9.77707290649414,1.6821542978286743,-0.31824541091918945
1775033687164898800,1.81789892578125,9.798608779907227,1.7228323221206665,-0.42831525206565857
1775033687216379400,1.86937939453125,9.66939640045166,1.7228323221206665,-0.4019941985607147
1775033687267860200,1.920860107421875,9.760323524475098,1.674975872039795,-0.5479564070701599
1775033687319340800,1.9723408203125,9.7938232421875,1.8592232465744019,-0.32542386651039124
1775033687413721900,2.066721923828125,9.714859962463379,1.7419748306274414,-0.1818545162677765
1775033687465202400,2.118202392578125,9.805787086486816,1.6390835046768188,0.20578274130821228
1775033687516683300,2.169683349609375,9.767501831054688,1.794616937637329,0.16749759018421173
1775033687568163800,2.221163818359375,9.7005033493042,1.7012969255447388,0.02871387079358101
1775033687619644400,2.27264453125,9.573683738708496,1.4979069232940674,-0.23449662327766418
1775033687671125000,2.324125,9.719645500183105,1.7611174583435059,-0.7848458290100098
1775033687765506000,2.418506103515625,9.781859397888184,1.576870083808899,-0.22013968229293823
1775033687816987000,2.46998681640625,9.738788604736328,1.6079767942428589,-0.19381862878799438
1775033687868467500,2.521467529296875,9.635896682739258,1.8735800981521606,-0.16510476171970367
1775033687919948000,2.572947998046875,9.609575271606445,2.093719720840454,-0.09571290761232376
1775033688014329000,2.6673291015625,9.652647018432617,1.8472590446472168,-0.4570291340351105
1775033688065809700,2.7188095703125,9.736394882202148,1.765903115272522,-0.41156548261642456
1775033688117290200,2.770290283203125,9.609575271606445,1.7371892929077148,-0.45942193269729614
1775033688168771000,2.82177099609375,9.640682220458984,1.9692929983139038,-0.4498506486415863
1775033688220251600,2.873251708984375,9.595218658447266,2.3234307765960693,-0.5144568681716919
1775033688314632700,2.9676328125,9.621540069580078,2.029113531112671,-0.7513462901115417
1775033688366113300,3.01911328125,9.647860527038574,2.014756679534912,-0.519242525100708
1775033688417593900,3.07059375,9.698110580444336,1.8233308792114258,-0.3397808074951172
1775033688469074700,3.12207470703125,9.748359680175781,1.9692929983139038,-0.28235307335853577
1775033688520555300,3.17355517578125,9.765109062194824,1.6247265338897705,-0.3158525824546814
1775033688572035800,3.225035888671875,9.810572624206543,1.9932212829589844,0.3397808074951172
1775033688623516400,3.276516357421875,9.67657470703125,2.0267207622528076,0.36610186100006104
1775033688674997000,3.3279970703125,9.745966911315918,1.8592232465744019,-0.031106693670153618
1775033688726477600,3.3794775390625,9.719645500183105,2.0099709033966064,-0.3900300860404968
1775033688777958100,3.430958251953125,9.53779125213623,1.8831514120101929,-0.9571290612220764
1775033688829438700,3.482438720703125,9.731609344482422,1.9645073413848877,-0.46420758962631226
1775033688880919300,3.533919189453125,9.571290969848633,2.0003998279571533,-0.19381862878799438
1775033688932400000,3.585400146484375,9.511469841003418,2.062613010406494,-0.3206382393836975
1775033688983880700,3.636880615234375,9.913464546203613,1.6821542978286743,-0.5431707501411438
1775033689035361300,3.688361328125,9.475577354431152,2.045863389968872,-0.19381862878799438
1775033689086841900,3.739841796875,9.633503913879395,2.1511476039886475,-0.09092725813388824
1775033689138322400,3.791322509765625,9.681360244750977,1.9525432586669922,0.019142581149935722
1775033689189803000,3.842802978515625,9.722038269042969,1.9453648328781128,-0.014356935396790504
1775033689241283600,3.89428369140625,9.667003631591797,1.9716858863830566,0.13639089465141296
1775033689292764400,3.945764404296875,9.707681655883789,2.007578134536743,0.2392822653055191
1775033689344245000,3.997244873046875,9.607182502746582,2.0410776138305664,-0.12442677468061447
1775033689395725600,4.0487255859375,9.698110580444336,2.0171494483947754,0.07417750358581543
1775033689447206100,4.1002060546875,9.674181938171387,1.9884356260299683,0.11246266216039658
1775033689498686700,4.151686767578125,9.686145782470703,1.9357935190200806,0.24885354936122894
1775033689550167300,4.203167236328125,9.724431037902832,2.0267207622528076,0.14356936514377594
1775033689601647900,4.25464794921875,9.650253295898438,2.093719720840454,0.09092725813388824
1775033689653128700,4.306128662109375,9.616754531860352,1.9956140518188477,0.11724831163883209
1775033689704609300,4.357609375,9.702896118164062,2.1296122074127197,0.24406790733337402
1775033689756089900,4.40908984375,9.65503978729248,2.0315065383911133,-0.08853443711996078
1775033689807570400,4.4605703125,9.633503913879395,2.093719720840454,-0.04546362906694412
1775033689859051000,4.512051025390625,9.633503913879395,2.084148406982422,-0.2799602448940277
1775033689953432000,4.60643212890625,9.609575271606445,2.0793628692626953,-0.18903298676013947
1775033690004912600,4.65791259765625,9.640682220458984,2.2061824798583984,-0.1698904037475586
1775033690056393200,4.709393310546875,9.621540069580078,2.1056840419769287,-0.11006984114646912
1775033690107874000,4.7608740234375,9.643074989318848,2.0506489276885986,0.02632104977965355
1775033690159354600,4.812354736328125,9.714859962463379,2.0027925968170166,0.29431718587875366
1775033690210835200,4.863835205078125,9.643074989318848,1.97407865524292,0.20338992774486542
1775033690262315800,4.915315673828125,9.753145217895508,1.9980069398880005,0.32542386651039124
1775033690313796400,4.96679638671875,9.686145782470703,1.954936146736145,0.1746760457754135
1775033690365277000,5.01827685546875,9.671789169311523,1.97407865524292,0.2273181527853012
1775033690416757500,5.069757568359375,9.645467758178711,1.9262222051620483,0.17706887423992157
1775033690468238300,5.12123828125,9.726823806762695,1.9669002294540405,0.13160525262355804
1775033690519719000,5.172718994140625,9.67657470703125,2.0961127281188965,0.38285163044929504
1775033690614100000,5.267099853515625,9.650253295898438,1.9597218036651611,0.11964113265275955
1775033690708481000,5.36148095703125,9.631111145019531,2.0315065383911133,0.14356936514377594
1775033690759961600,5.412961669921875,9.702896118164062,1.9812572002410889,0.08374879509210587
1775033690811442200,5.464442138671875,9.66221809387207,2.076970100402832,0.13639089465141296
1775033690862923000,5.515923095703125,9.647860527038574,2.012363910675049,-0.06699903309345245
1775033690914403600,5.567403564453125,9.66939640045166,2.076970100402832,-0.019142581149935722
1775033690965884200,5.61888427734375,9.643074989318848,2.0506489276885986,0.08853443711996078
1775033691017364700,5.67036474609375,9.645467758178711,2.0865414142608643,0.11006984114646912
1775033691068845300,5.72184521484375,9.616754531860352,2.163111686706543,-0.02871387079358101
1775033691120326000,5.773325927734375,9.616754531860352,2.0315065383911133,-0.10767702013254166
1775033691171806500,5.824806396484375,9.705288887023926,2.1128623485565186,-0.07417750358581543
1775033691223287300,5.876287353515625,9.66939640045166,1.9286150932312012,0.064606212079525
1775033691274768000,5.927767822265625,9.705288887023926,1.9956140518188477,-0.064606212079525
1775033691326248400,5.97924853515625,9.667003631591797,2.0003998279571533,-0.02392822690308094
1775033691377729000,6.03072900390625,9.607182502746582,1.950150489807129,-0.04785645380616188
1775033691429209600,6.082209716796875,9.695717811584473,2.1128623485565186,0.059820566326379776
1775033691480690200,6.133690185546875,9.635896682739258,2.1200408935546875,0.01196411345154047
1775033691532170800,6.185170654296875,9.638289451599121,1.9860427379608154,-0.035892341285943985
1775033691583651300,6.2366513671875,9.7005033493042,2.076970100402832,0.0933200865983963
1775033691635132200,6.288132080078125,9.635896682739258,1.9980069398880005,-0.07896314561367035
1775033691686612700,6.33961279296875,9.731609344482422,1.947757601737976,0.035892341285943985
1775033691738093300,6.39109326171875,9.652647018432617,1.9405791759490967,0
1775033691789574000,6.442573974609375,9.710074424743652,2.0099709033966064,-0.062213387340307236
1775033691841054500,6.494054443359375,9.635896682739258,2.0195422172546387,-0.14835500717163086
1775033691892535000,6.54553515625,9.681360244750977,2.0506489276885986,-0.23210379481315613
1775033691944015600,6.597015625,9.671789169311523,2.0171494483947754,-0.28235307335853577
1775033691995496400,6.648496337890625,9.609575271606445,2.0721843242645264,-0.31824541091918945
1775033692046977000,6.69997705078125,9.695717811584473,2.0793628692626953,-0.275174617767334
1775033692098457600,6.75145751953125,9.590433120727539,2.0817556381225586,-0.29431718587875366
1775033692149938200,6.802938232421875,9.686145782470703,2.0745773315429688,-0.2632105052471161
1775033692201418800,6.854418701171875,9.695717811584473,2.0410776138305664,-0.059820566326379776
1775033692252899300,6.9058994140625,9.614361763000488,1.9812572002410889,0.019142581149935722
1775033692304380200,6.957380126953125,9.731609344482422,1.9262222051620483,0.07178468257188797
1775033692355860700,7.00886083984375,9.66221809387207,1.911865234375,0.12442677468061447
1775033692407341300,7.06034130859375,9.714859962463379,1.9669002294540405,0.06939185410737991
1775033692458822000,7.11182177734375,9.67657470703125,1.9764715433120728,0.21296121180057526
1775033692510302500,7.163302490234375,9.693324089050293,1.9860427379608154,0.07896314561367035
1775033692561783000,7.214782958984375,9.705288887023926,1.9621145725250244,-0.07178468257188797
1775033692613263600,7.266263671875,9.652647018432617,2.007578134536743,-0.23210379481315613
1775033692664744200,7.317744140625,9.65503978729248,2.053041934967041,-0.2919243574142456
1775033692716225000,7.36922509765625,9.609575271606445,2.0171494483947754,-0.11724831163883209
1775033692767705600,7.42070556640625,9.712467193603516,2.210968017578125,-0.27756741642951965
1775033692819186200,7.472186279296875,9.56650447845459,2.2396819591522217,-0.4378865361213684
1775033692870666800,7.523666748046875,9.631111145019531,2.1272194385528564,-0.4546363055706024
1775033692922147300,7.575147216796875,9.621540069580078,2.2612173557281494,-0.40677985548973083
1775033692973628000,7.6266279296875,9.607182502746582,2.1918256282806396,-0.40677985548973083
1775033693025108500,7.6781083984375,9.56650447845459,2.2085752487182617,-0.3684946894645691
1775033693076589300,7.72958935546875,9.657432556152344,2.203789710998535,-0.3278166949748993
1775033693128070000,7.78106982421875,9.578469276428223,2.146361827850342,-0.3852444589138031
1775033693179550500,7.832550537109375,9.657432556152344,2.124826431274414,-0.2392822653055191
1775033693273931500,7.926931640625,9.650253295898438,2.163111686706543,-0.13878370821475983
1775033693325412000,7.978412109375,9.616754531860352,2.1343977451324463,-0.1579262912273407
1775033693376893000,8.029892822265625,9.640682220458984,2.108076810836792,-0.1866401731967926
1775033693428373500,8.08137353515625,9.623932838439941,2.0673987865448,-0.1459621787071228
1775033693479854000,8.13285400390625,9.657432556152344,2.1511476039886475,-0.14356936514377594
1775033693531334700,8.184334716796876,9.640682220458984,2.0961127281188965,-0.14356936514377594
1775033693582815200,8.235815185546874,9.674181938171387,2.091326951980591,-0.1698904037475586
1775033693634295800,8.2872958984375,9.611968994140625,2.1918256282806396,-0.2392822653055191
1775033693685776400,8.3387763671875,9.623932838439941,2.0171494483947754,-0.07896314561367035
1775033693737257000,8.390257080078126,9.67657470703125,2.3856441974639893,-0.2991028428077698
1775033693788737800,8.44173779296875,9.674181938171387,1.8472590446472168,-0.035892341285943985
1775033693840218400,8.49321826171875,9.580862045288086,2.1846470832824707,-0.24406790733337402
1775033693891699000,8.544698974609375,9.600004196166992,2.2133610248565674,-0.27756741642951965
1775033693943179500,8.596179443359375,9.76989459991455,2.1918256282806396,-0.29431718587875366
1775033693994660000,8.64766015625,9.760323524475098,2.179861545562744,-0.26081767678260803
1775033694046140700,8.699140625,9.525827407836914,2.091326951980591,-0.11006984114646912
1775033694097621200,8.750621337890625,9.741181373596191,2.2205393314361572,-0.09810572862625122
1775033694149102000,8.80210205078125,9.619147300720215,2.043470621109009,-0.19381862878799438
1775033694200582700,8.853582763671875,9.7005033493042,2.146361827850342,-0.35413774847984314
1775033694252063200,8.905063232421876,9.611968994140625,2.093719720840454,-0.35413774847984314
1775033694303543800,8.956543701171874,9.80817985534668,2.3784656524658203,0.4570291340351105
1775033694355024400,9.0080244140625,9.54496955871582,2.2755744457244873,0.19381862878799438
1775033694406505000,9.0595048828125,9.585647583007812,1.9932212829589844,-0.37088751792907715
1775033694457985500,9.110985595703125,9.66221809387207,2.282752752304077,-0.44027936458587646
1775033694509466000,9.162466064453126,9.628718376159668,2.3162522315979004,1.4500504732131958
1775033694560946700,9.21394677734375,9.468399047851562,2.321038007736206,-0.031106693670153618
1775033694612427300,9.26542724609375,9.659825325012207,2.115255117416382,0.02153540402650833
1775033694663908000,9.316908203125,9.81535816192627,1.9836499691009521,-0.09092725813388824
1775033694715388700,9.368388671875,9.628718376159668,2.1511476039886475,0.18903298676013947
1775033694766869200,9.419869140625,9.722038269042969,2.076970100402832,0.2392822653055191
1775033694818349800,9.471349853515624,9.738788604736328,2.1272194385528564,0.2273181527853012
1775033694869830400,9.522830322265625,9.45882797241211,2.1535403728485107,0.08853443711996078
1775033694921311000,9.57431103515625,9.736394882202148,2.2779672145843506,0.26560330390930176
1775033694972791600,9.62579150390625,9.53061294555664,2.1439690589904785,0.10767702013254166
1775033695024272100,9.677272216796876,9.702896118164062,2.155933141708374,-0.07178468257188797
1775033695075752700,9.728752685546874,9.604789733886719,2.1367905139923096,-0.20099709928035736
1775033695127233500,9.780233642578125,9.621540069580078,2.2085752487182617,-0.1698904037475586
1775033695178714000,9.831714111328125,9.611968994140625,2.282752752304077,-0.12442677468061447
1775033695230194700,9.883194580078126,9.573683738708496,2.3090739250183105,-0.2799602448940277
1775033695281675300,9.93467529296875,9.626325607299805,2.2540390491485596,-0.3613162338733673
1775033695333155800,9.98615576171875,9.58325481414795,2.210968017578125,-0.2632105052471161
1775033695384636400,10.037636474609375,9.623932838439941,2.287538528442383,-0.09092725813388824
1775033695436117000,10.089116943359375,9.556933403015137,2.1846470832824707,-0.11724831163883209
1775033695487597600,10.14059765625,9.645467758178711,2.1439690589904785,-0.059820566326379776
1775033695539078100,10.192078125,9.645467758178711,2.0721843242645264,0.1052841991186142
1775033695633459200,10.286459228515625,9.650253295898438,2.060220241546631,0.20099709928035736
1775033695684939800,10.337939697265625,9.66221809387207,2.0195422172546387,0.24167509377002716
1775033695736420400,10.38942041015625,9.650253295898438,2.014756679534912,0.28953152894973755
1775033695787901000,10.44090087890625,9.712467193603516,1.9310078620910645,0.31106695532798767
1775033695839381800,10.4923818359375,9.714859962463379,2.0243279933929443,0.363709032535553
1775033695890862300,10.5438623046875,9.635896682739258,2.00518536567688,0.34217363595962524
1775033695942343000,10.595343017578125,9.705288887023926,2.0482561588287354,0.275174617767334
1775033695993823500,10.646823486328126,9.667003631591797,2.091326951980591,0.2512463629245758
1775033696045304000,10.698303955078124,9.638289451599121,2.0482561588287354,0.18424734473228455
1775033696096784600,10.74978466796875,9.628718376159668,2.1128623485565186,0.07657032459974289
1775033696148265200,10.80126513671875,9.638289451599121,2.1535403728485107,-0.019142581149935722
1775033696199745800,10.852745849609375,9.647860527038574,2.1296122074127197,-0.11485548317432404
1775033696251226400,10.904226318359376,9.564111709594727,2.2061824798583984,-0.1459621787071228
1775033696302707000,10.95570703125,9.619147300720215,2.251646041870117,-0.13878370821475983
1775033696354187500,11.0071875,9.602396965026855,2.225325107574463,-0.3517449200153351
1775033696405668000,11.058668212890625,9.56889820098877,2.242074728012085,-0.4019941985607147
1775033696457148700,11.110148681640625,9.67657470703125,2.321038007736206,-0.26081767678260803
1775033696508629200,11.161629150390626,9.499505996704102,2.132004976272583,-0.18424734473228455
1775033696560109800,11.21310986328125,9.698110580444336,2.227717876434326,0.004785645287483931
1775033696654491000,11.307490966796875,9.707681655883789,2.139183521270752,0.14117653667926788
1775033696705971500,11.358971435546875,9.66221809387207,2.100898265838623,0.19381862878799438
1775033696757452000,11.4104521484375,9.645467758178711,2.146361827850342,0.18424734473228455
1775033696808932600,11.4619326171875,9.631111145019531,2.132004976272583,0.1818545162677765
1775033696860413200,11.5134130859375,9.674181938171387,2.1272194385528564,0.12681959569454193
1775033696911894000,11.56489404296875,9.628718376159668,2.115255117416382,0.06939185410737991
1775033696963374600,11.61637451171875,9.614361763000488,2.1296122074127197,0.038285162299871445
1775033697014855200,11.667855224609376,9.659825325012207,2.1439690589904785,0.064606212079525
1775033697066335500,11.71933544921875,9.609575271606445,2.1511476039886475,-0.02871387079358101
1775033697117816300,11.77081640625,10.16710376739502,2.0195422172546387,0.062213387340307236
1775033697169297000,11.822296875,9.181260108947754,2.1750757694244385,0.21296121180057526
1775033697220777500,11.873777587890626,9.56889820098877,2.3617160320281982,-0.2512463629245758
1775033697272258000,11.925258056640626,9.681360244750977,2.273181438446045,0.18903298676013947
1775033697323738600,11.976738525390624,9.477970123291016,2.225325107574463,-0.31106695532798767
1775033697375219200,12.02821923828125,9.791430473327637,2.203789710998535,-0.0023928226437419653
1775033697426699800,12.07969970703125,9.659825325012207,2.2205393314361572,-0.09571290761232376
1775033697478180400,12.131180419921876,9.621540069580078,2.179861545562744,-0.062213387340307236
1775033697529661000,12.182660888671874,9.659825325012207,2.2205393314361572,0.05742774158716202
1775033697581141500,12.2341416015625,9.559326171875,2.3186452388763428,0.05503492057323456
1775033697632622000,12.2856220703125,9.664610862731934,2.337787628173828,-0.035892341285943985
1775033697684102700,12.3371025390625,9.571290969848633,2.328216314315796,-0.03349951654672623
1775033697735583200,12.388583251953126,9.56650447845459,2.3330020904541016,-0.04546362906694412
1775033697787063800,12.440063720703124,9.499505996704102,2.3401806354522705,0.10289137065410614
1775033697838544400,12.49154443359375,9.762716293334961,2.2372891902923584,0.019142581149935722
1775033697890025000,12.54302490234375,9.547362327575684,2.3162522315979004,0.10049854964017868
1775033697941505500,12.594505615234375,9.619147300720215,2.2707886695861816,0.14356936514377594
1775033697992986000,12.645986083984376,9.631111145019531,2.256431818008423,0.20338992774486542
1775033698044466700,12.697466796875,9.58325481414795,2.3306093215942383,0.13160525262355804
1775033698095947300,12.748947265625,9.499505996704102,2.2636101245880127,0.20099709928035736
1775033698147427800,12.800427734375,9.619147300720215,2.352144718170166,-0.038285162299871445
1775033698198908400,12.851908447265625,9.42772102355957,2.4670002460479736,0.040677983313798904
1775033698293289700,12.946289794921874,9.590433120727539,2.4263222217559814,-0.09092725813388824
1775033698344770300,12.997770263671875,9.726823806762695,2.335394859313965,-0.05024927482008934
1775033698396251000,13.0492509765625,9.686145782470703,2.201396942138672,-0.18424734473228455
1775033698447731500,13.1007314453125,9.66939640045166,2.170290231704712,-0.0933200865983963
1775033698499212000,13.1522119140625,9.623932838439941,2.2444677352905273,-0.14835500717163086
1775033698550692600,13.203692626953124,9.664610862731934,2.1822543144226074,-0.24646073579788208
1775033698602173200,13.255173095703125,9.616754531860352,2.2636101245880127,-0.19381862878799438
1775033698653653800,13.30665380859375,9.614361763000488,2.2540390491485596,-0.23210379481315613
1775033698748034800,13.401034912109376,9.652647018432617,2.2325034141540527,-0.09810572862625122
1775033698799515400,13.452515380859374,9.585647583007812,2.1894326210021973,0.06699903309345245
1775033698893896400,13.546896484375,9.590433120727539,2.1583259105682373,0.275174617767334
1775033698945377000,13.598376953125,9.69093132019043,2.115255117416382,0.2632105052471161
1775033698996857600,13.649857666015626,9.633503913879395,2.1032910346984863,0.24885354936122894
1775033699048338200,13.701338134765624,9.664610862731934,2.1200408935546875,0.16271193325519562
1775033699099818800,13.75281884765625,9.621540069580078,2.172683000564575,0.3326023519039154
1775033699151299300,13.80429931640625,9.607182502746582,2.100898265838623,0.24167509377002716
1775033699202780000,13.85577978515625,9.65503978729248,2.1583259105682373,-0.05024927482008934
1775033699254260700,13.9072607421875,9.607182502746582,2.1918256282806396,-0.1459621787071228
1775033699305741000,13.958740966796874,9.667003631591797,2.242074728012085,-0.1746760457754135
1775033699357221600,14.0102216796875,9.588040351867676,2.280359983444214,-0.12921242415905
1775033699408702200,14.0617021484375,9.643074989318848,2.258824586868286,-0.2273181527853012
1775033699460182800,14.113182861328125,9.556933403015137,2.2947168350219727,-0.3038884699344635
1775033699511663400,14.164663330078126,9.645467758178711,2.258824586868286,-0.19142581522464752
1775033699563144000,14.21614404296875,9.57607650756836,2.280359983444214,-0.035892341285943985
1775033699614624500,14.26762451171875,9.609575271606445,2.2085752487182617,-0.07417750358581543
1775033699666105000,14.31910498046875,9.600004196166992,2.194218397140503,0.04307080805301666
1775033699717585700,14.370585693359375,9.623932838439941,2.2229323387145996,-0.019142581149935722
1775033699769066200,14.422066162109376,9.659825325012207,2.1511476039886475,0.16749759018421173
1775033699820547000,14.473547119140624,9.678967475891113,2.194218397140503,0.04307080805301666
1775033699872027400,14.52502734375,9.623932838439941,2.148754835128784,0.23688943684101105
1775033699923508000,14.576508056640625,9.628718376159668,2.1822543144226074,0.1339980661869049
1775033699974988500,14.627988525390625,9.693324089050293,2.115255117416382,0.2632105052471161
1775033700026469400,14.679469482421876,9.564111709594727,2.122433662414551,0.20817556977272034
1775033700077950000,14.730949951171874,9.678967475891113,2.0985054969787598,0.24646073579788208
1775033700129430500,14.782430419921875,9.67657470703125,2.108076810836792,0.27038896083831787
1775033700180911000,14.8339111328125,9.592825889587402,2.1104695796966553,0.24167509377002716
1775033700232391700,14.8853916015625,9.729216575622559,2.0865414142608643,0.24167509377002716
1775033700283872300,14.936872314453124,9.578469276428223,2.100898265838623,0.09810572862625122
1775033700335352800,14.988352783203124,9.698110580444336,2.1750757694244385,0.09810572862625122
1775033700386833400,15.03983349609375,9.56650447845459,2.1415762901306152,-0.04546362906694412
1775033700438314000,15.09131396484375,9.659825325012207,2.227717876434326,-0.009571290574967861
1775033700489794600,15.142794677734376,9.56889820098877,2.242074728012085,-0.08135596662759781
1775033700541275100,15.194275146484374,9.628718376159668,2.225325107574463,-0.15314064919948578
1775033700592755700,15.245755615234375,9.616754531860352,2.1918256282806396,-0.23210379481315613
1775033700644236300,15.297236328125,9.635896682739258,2.2851455211639404,-0.11246266216039658
1775033700695716900,15.348716796875,9.573683738708496,2.251646041870117,-0.06939185410737991
1775033700747197400,15.400197509765626,9.659825325012207,2.227717876434326,-0.14117653667926788
1775033700798678000,15.451677978515624,9.621540069580078,2.2396819591522217,-0.05503492057323456
1775033700850158600,15.50315869140625,9.614361763000488,2.1894326210021973,0
1775033700901639200,15.55463916015625,9.600004196166992,2.210968017578125,0.02153540402650833
1775033700953119700,15.60611962890625,9.65503978729248,2.2133610248565674,0.04546362906694412
1775033701004600300,15.657600341796876,9.614361763000488,2.146361827850342,0.07896314561367035
1775033701056081000,15.709080810546874,9.69093132019043,2.146361827850342,0.1052841991186142
1775033701107561500,15.7605615234375,9.645467758178711,2.148754835128784,0.17228323221206665
1775033701159042300,15.812042236328125,9.633503913879395,2.1128623485565186,0.11006984114646912
1775033701253423400,15.90642333984375,9.623932838439941,2.187039852142334,0.20338992774486542
1775033701304904000,15.957904052734374,9.693324089050293,2.1032910346984863,0.2799602448940277
1775033701356384500,16.009384521484375,9.635896682739258,2.1032910346984863,0.18424734473228455
1775033701407865000,16.060864990234375,9.619147300720215,2.1511476039886475,0.11485548317432404
1775033701459345700,16.112345703125,9.643074989318848,2.1750757694244385,0.10767702013254166
1775033701510826200,16.163826171875,9.475577354431152,2.2540390491485596,0.17228323221206665
1775033701562306800,16.215306884765624,9.7938232421875,2.0195422172546387,0.4737788736820221
1775033701613787400,16.266787353515625,9.561718940734863,2.124826431274414,0.17228323221206665
1775033701665268000,16.31826806640625,9.757930755615234,2.139183521270752,-0.06939185410737991
1775033701716748500,16.36974853515625,9.56650447845459,1.9621145725250244,-0.016749758273363113
1775033701768229000,16.42122900390625,9.695717811584473,2.1822543144226074,-0.12921242415905
1775033701819709700,16.472709716796874,9.56650447845459,2.2205393314361572,0.0023928226437419653
1775033701914090800,16.5670908203125,9.564111709594727,2.328216314315796,-0.2967100143432617
1775033701965571300,16.6185712890625,9.58325481414795,2.311466693878174,-0.3756731450557709
1775033702017052000,16.670052001953124,9.549755096435547,2.2707886695861816,-0.2273181527853012
1775033702068532500,16.721532470703124,9.635896682739258,2.3330020904541016,-0.10767702013254166
1775033702120013000,16.773012939453125,9.56889820098877,2.2779672145843506,-0.07178468257188797
1775033702171493600,16.82449365234375,9.667003631591797,2.242074728012085,-0.07896314561367035
1775033702222974200,16.87597412109375,9.602396965026855,2.2468605041503906,-0.07896314561367035
1775033702274454800,16.927454833984374,9.65503978729248,2.1750757694244385,0.01196411345154047
1775033702325935400,16.978935302734374,9.635896682739258,2.1750757694244385,0.0933200865983963
1775033702377416000,17.030416015625,9.626325607299805,2.1272194385528564,0.05024927482008934
1775033702428896500,17.081896484375,9.674181938171387,2.1894326210021973,0.12921242415905
1775033702480377000,17.133377197265624,9.619147300720215,2.170290231704712,0.031106693670153618
1775033702531857700,17.184857666015624,9.667003631591797,2.196611166000366,0.07657032459974289
1775033702583338200,17.236338134765624,9.56889820098877,2.201396942138672,0.009571290574967861
1775033702634818800,17.28781884765625,9.693324089050293,2.1272194385528564,0.07657032459974289
1775033702686299400,17.33929931640625,9.600004196166992,2.187039852142334,0.13639089465141296
1775033702737780000,17.390780029296874,9.633503913879395,2.2133610248565674,0.07896314561367035
1775033702789260500,17.442260498046874,9.678967475891113,2.2468605041503906,0.07896314561367035
1775033702840741000,17.4937412109375,9.592825889587402,2.170290231704712,-0.08135596662759781
1775033702892221700,17.5452216796875,9.647860527038574,2.194218397140503,-0.016749758273363113
1775033702943702300,17.596702392578123,9.573683738708496,2.249253273010254,-0.05024927482008934
1775033702995182800,17.648182861328124,9.645467758178711,2.2540390491485596,-0.2560320198535919
1775033703046663400,17.699663330078124,9.58325481414795,2.242074728012085,-0.28235307335853577
1775033703098143700,17.751143798828124,9.628718376159668,2.251646041870117,-0.20817556977272034
1775033703149624300,17.802624267578125,9.595218658447266,2.2755744457244873,-0.13160525262355804
1775033703201105000,17.85410498046875,9.647860527038574,2.2301106452941895,-0.08614161610603333
1775033703252585500,17.90558544921875,9.578469276428223,2.2325034141540527,-0.13639089465141296
1775033703304066000,17.957066162109374,9.698110580444336,2.225325107574463,-0.05503492057323456
1775033703355546600,18.008546630859374,9.597611427307129,2.194218397140503,-0.04546362906694412
1775033703407027200,18.060027099609375,9.638289451599121,2.218146562576294,0.09092725813388824
1775033703458507800,18.1115078125,9.619147300720215,2.1583259105682373,0.11485548317432404
1775033703509988400,18.16298828125,9.671789169311523,2.172683000564575,0.1339980661869049
1775033703561469000,18.214468994140624,9.602396965026855,2.1296122074127197,0.12442677468061447
1775033703612949500,18.265949462890624,9.638289451599121,2.146361827850342,0.13160525262355804
1775033703664430000,18.31743017578125,9.664610862731934,2.1439690589904785,0.13639089465141296
1775033703715910700,18.36891064453125,9.619147300720215,2.155933141708374,0.10289137065410614
1775033703767391200,18.42039111328125,9.698110580444336,2.1343977451324463,0.06939185410737991
1775033703818871800,18.471871826171874,9.604789733886719,2.187039852142334,0.02153540402650833
1775033703870352400,18.523352294921875,9.635896682739258,2.1511476039886475,0.04307080805301666
1775033703921832700,18.574832763671875,9.607182502746582,2.172683000564575,-0.02871387079358101
1775033703973313300,18.626313232421875,9.650253295898438,2.1415762901306152,0.019142581149935722
1775033704024793900,18.6777939453125,9.650253295898438,2.1846470832824707,-0.064606212079525
1775033704076274400,18.7292744140625,9.633503913879395,2.163111686706543,-0.009571290574967861
1775033704127755000,18.780755126953125,9.645467758178711,2.201396942138672,0.009571290574967861
1775033704179235600,18.832235595703125,9.616754531860352,2.2085752487182617,0.016749758273363113
1775033704273616600,18.92661669921875,9.588040351867676,2.172683000564575,0.11006984114646912
1775033704325097200,18.97809716796875,9.58325481414795,2.2229323387145996,0.11246266216039658
1775033704376577800,19.029577880859375,9.611968994140625,2.1439690589904785,-0.11006984114646912
1775033704428058400,19.081058349609375,9.678967475891113,2.1678972244262695,0.035892341285943985
1775033704479539000,19.1325390625,9.609575271606445,2.170290231704712,0.019142581149935722
1775033704531019500,19.18401953125,9.647860527038574,2.1990039348602295,-0.038285162299871445
1775033704582500000,19.2355,10.068997383117676,2.021935224533081,-0.08614161610603333
1775033704633980700,19.286980712890625,9.705288887023926,1.9692929983139038,0.1339980661869049
1775033704685461000,19.3384609375,9.573683738708496,2.1846470832824707,0.4498506486415863
1775033704736941800,19.38994189453125,9.229117393493652,2.4047868251800537,0.17946170270442963
1775033704788422100,19.441422119140626,9.480362892150879,2.4191436767578125,0.08614161610603333
1775033704839902700,19.49290283203125,9.111868858337402,2.4526431560516357,0.23210379481315613
1775033704891383300,19.54438330078125,10.028319358825684,2.366501569747925,-0.064606212079525
1775033704942864000,19.59586376953125,9.645467758178711,2.366501569747925,-0.363709032535553
1775033704994344400,19.647344482421875,9.516255378723145,2.227717876434326,-0.03349951654672623
1775033705045825000,19.698824951171876,9.67657470703125,2.1607189178466797,-0.2679961323738098
1775033705097305600,19.7503056640625,9.67657470703125,2.3736801147460938,-0.47617170214653015
1775033705148786200,19.8017861328125,9.571290969848633,2.258824586868286,-0.2105683982372284
1775033705200266800,19.853266845703125,9.585647583007812,2.258824586868286,-0.2392822653055191
1775033705294647800,19.947647705078126,9.937392234802246,2.201396942138672,-0.09810572862625122
1775033705346128400,19.99912841796875,9.293723106384277,2.225325107574463,0.07657032459974289
1775033705397609000,20.05060888671875,9.798608779907227,2.2396819591522217,0.16510476171970367
1775033705449089500,20.102089599609375,9.432506561279297,2.383251428604126,0.05503492057323456
1775033705500570000,20.153570068359375,9.604789733886719,2.3330020904541016,0.21296121180057526
1775033705552050400,20.205050537109376,9.535398483276367,2.2683959007263184,0.11246266216039658
1775033705603531000,20.256531005859376,9.647860527038574,2.2612173557281494,-0.06699903309345245
1775033705655011600,20.308011474609376,9.607182502746582,2.242074728012085,-0.01196411345154047
1775033705706492200,20.3594921875,9.659825325012207,2.2396819591522217,-0.05503492057323456
1775033705757972700,20.41097265625,9.631111145019531,2.1918256282806396,-0.040677983313798904
1775033705809453300,20.462453369140626,9.664610862731934,2.1750757694244385,-0.04546362906694412
1775033705860934000,20.513933837890626,9.657432556152344,2.203789710998535,-0.019142581149935722
1775033705912414500,20.56541455078125,10.12881851196289,2.0673987865448,-0.01196411345154047
1775033705963895000,20.61689501953125,9.58325481414795,2.0673987865448,0.14835500717163086
1775033706015375600,20.668375732421875,9.401400566101074,2.273181438446045,0.4833501875400543
1775033706066856200,20.719856201171876,9.32722282409668,2.3880369663238525,0.2727817893028259
1775033706118336800,20.771336669921876,9.286544799804688,2.416750907897949,0.2225325107574463
1775033706169817300,20.8228173828125,9.439684867858887,2.3976082801818848,0.1818545162677765
1775033706221298000,20.8742978515625,10.171889305114746,2.368894338607788,-0.14117653667926788
1775033706272778500,20.925778564453125,9.279366493225098,2.337787628173828,-0.0526420995593071
1775033706324259000,20.977259033203126,9.870393753051758,2.108076810836792,-0.007178467698395252
1775033706375739600,21.02873974609375,9.56889820098877,2.2229323387145996,-0.4426721930503845
1775033706427220000,21.080219970703126,9.67657470703125,2.266003131866455,-0.18903298676013947
1775033706478700500,21.131700439453127,9.602396965026855,2.203789710998535,-0.17946170270442963
1775033706530181000,21.18318115234375,9.604789733886719,2.3018953800201416,-0.17228323221206665
1775033706581661700,21.23466162109375,9.600004196166992,2.304288148880005,0.02392822690308094
1775033706633142300,21.286142333984376,9.588040351867676,2.196611166000366,0.07178468257188797
1775033706684622800,21.337622802734376,9.633503913879395,2.2229323387145996,-0.040677983313798904
1775033706736103400,21.389103515625,9.65503978729248,2.1894326210021973,-0.009571290574967861
1775033706787584000,21.440583984375,9.597611427307129,2.163111686706543,0.13639089465141296
1775033706839064600,21.492064697265626,9.65503978729248,2.1894326210021973,0.1459621787071228
1775033706933445600,21.586445556640626,9.645467758178711,2.1511476039886475,0.10289137065410614
1775033706984926200,21.63792626953125,9.659825325012207,2.117648124694824,0.1339980661869049
1775033707036406800,21.68940673828125,9.664610862731934,2.1655044555664062,0.1339980661869049
1775033707087887400,21.740887451171876,9.616754531860352,2.1272194385528564,0.1579262912273407
1775033707139368000,21.792367919921876,9.667003631591797,2.146361827850342,0.05024927482008934
1775033707233749000,21.8867490234375,9.635896682739258,2.1535403728485107,0.035892341285943985
1775033707285229600,21.9382294921875,9.659825325012207,2.1535403728485107,-0.09571290761232376
1775033707336710100,21.989710205078126,9.619147300720215,2.1678972244262695,-0.02392822690308094
1775033707388190500,22.0411904296875,9.657432556152344,2.194218397140503,-0.07178468257188797
1775033707439671000,22.092671142578126,9.600004196166992,2.2540390491485596,-0.064606212079525
1775033707534052000,22.187052001953123,9.595218658447266,2.249253273010254,-0.1052841991186142
1775033707585532700,22.23853271484375,9.623932838439941,2.2157537937164307,0.009571290574967861
1775033707637013200,22.29001318359375,9.590433120727539,2.210968017578125,-0.01196411345154047
1775033707688493800,22.341493896484376,9.631111145019531,2.2085752487182617,0.02392822690308094
1775033707739974400,22.392974365234377,9.600004196166992,2.1822543144226074,-0.02153540402650833
1775033707791455000,22.444455078125,9.652647018432617,2.201396942138672,0.05024927482008934
1775033707842935600,22.495935546875,9.611968994140625,2.2061824798583984,0.05742774158716202
1775033707894416100,22.547416015625,9.621540069580078,2.2061824798583984,0.12203395366668701
1775033707945896700,22.598896728515626,9.633503913879395,2.170290231704712,0.13878370821475983
1775033707997377300,22.650377197265627,9.590433120727539,2.1583259105682373,0.06939185410737991
1775033708048857900,22.70185791015625,9.628718376159668,2.172683000564575,0.10049854964017868
1775033708100338200,22.753338134765624,9.66221809387207,2.1678972244262695,0.007178467698395252
1775033708151818800,22.80481884765625,9.623932838439941,2.2133610248565674,0.14117653667926788
1775033708203299300,22.85629931640625,9.58325481414795,2.227717876434326,0.18903298676013947
1775033708254780000,22.90777978515625,9.597611427307129,2.1535403728485107,0.12681959569454193
1775033708306260500,22.959260498046874,9.667003631591797,2.1607189178466797,-0.040677983313798904
1775033708357741000,23.010740966796874,9.614361763000488,2.179861545562744,-0.02632104977965355
1775033708409221600,23.0622216796875,9.674181938171387,2.251646041870117,-0.07417750358581543
1775033708460702200,23.1137021484375,9.509077072143555,2.2325034141540527,-0.18424734473228455
1775033708512182800,23.165182861328127,9.678967475891113,2.2851455211639404,-0.20099709928035736
1775033708563663400,23.216663330078124,9.631111145019531,2.2612173557281494,-0.24885354936122894
1775033708615144000,23.26814404296875,9.650253295898438,2.0315065383911133,-0.1459621787071228
1775033708666624500,23.31962451171875,9.645467758178711,2.2085752487182617,-0.02153540402650833
1775033708718105000,23.37110498046875,9.564111709594727,2.3162522315979004,0.01196411345154047
1775033708769585700,23.422585693359373,9.609575271606445,2.2851455211639404,0.11246266216039658
1775033708821066200,23.474066162109374,9.58325481414795,2.3569302558898926,0.19381862878799438
1775033708872546600,23.525546630859374,9.621540069580078,2.1583259105682373,0.17946170270442963
1775033708924027100,23.577027099609374,9.736394882202148,2.0195422172546387,-0.02153540402650833
1775033708975507700,23.6285078125,9.686145782470703,2.132004976272583,-0.0023928226437419653
1775033709026988300,23.67998828125,9.635896682739258,2.179861545562744,0.062213387340307236
1775033709078468900,23.73146875,9.616754531860352,2.218146562576294,-0.08374879509210587
1775033709129949400,23.782949462890624,9.631111145019531,2.2468605041503906,-0.10049854964017868
1775033709181430000,23.834429931640624,9.616754531860352,2.2061824798583984,-0.1579262912273407
1775033709275811000,23.92881103515625,9.619147300720215,2.1846470832824707,-0.1818545162677765
1775033709327291600,23.980291748046874,9.600004196166992,2.2444677352905273,-0.2225325107574463
1775033709378772200,24.031772216796874,9.635896682739258,2.2372891902923584,-0.23210379481315613
1775033709430252500,24.08325244140625,9.652647018432617,2.203789710998535,-0.23210379481315613
1775033709481733000,24.134733154296875,9.609575271606445,2.2157537937164307,-0.11006984114646912
1775033709533213700,24.186213623046875,9.580862045288086,2.251646041870117,-0.03349951654672623
1775033709584694300,24.2376943359375,9.674181938171387,2.2133610248565674,-0.0526420995593071
1775033709636174800,24.2891748046875,9.554540634155273,2.3234307765960693,-0.13160525262355804
1775033709687655400,24.340655517578124,9.619147300720215,2.249253273010254,-0.10049854964017868
1775033709739136000,24.392135986328125,9.66221809387207,2.2301106452941895,-0.3038884699344635
1775033709790616300,24.4436162109375,9.619147300720215,2.139183521270752,-0.23688943684101105
1775033709842097000,24.495096923828125,9.674181938171387,2.2085752487182617,-0.12203395366668701
1775033709893577500,24.546577392578126,9.597611427307129,2.1678972244262695,-0.3086741268634796
1775033709945058000,24.59805810546875,9.741181373596191,2.2468605041503906,-0.24406790733337402
1775033709996538600,24.64953857421875,9.518648147583008,2.2085752487182617,-0.2919243574142456
1775033710048019200,24.701019287109375,9.68375301361084,2.3186452388763428,-0.17946170270442963
1775033710099499800,24.752499755859375,9.614361763000488,2.124826431274414,-0.16510476171970367
1775033710193880600,24.846880615234376,9.602396965026855,2.148754835128784,-0.11964113265275955
1775033710245361200,24.898361083984376,9.621540069580078,2.1894326210021973,-0.14835500717163086
1775033710296841700,24.949841796875,9.609575271606445,2.280359983444214,-0.13160525262355804
1775033710348322300,25.001322265625,9.626325607299805,2.3712873458862305,-0.08614161610603333
1775033710399803000,25.052802978515626,9.55214786529541,2.2205393314361572,-0.05024927482008934
1775033710451283500,25.104283447265626,9.664610862731934,2.311466693878174,-0.0526420995593071
1775033710502764000,25.155763916015626,9.559326171875,2.2205393314361572,-0.02153540402650833
1775033710554244400,25.207244384765627,9.645467758178711,2.1056840419769287,-0.08853443711996078
1775033710605725000,25.258724853515623,9.707681655883789,2.1200408935546875,0.031106693670153618
1775033710657205500,25.31020556640625,9.501898765563965,2.4909284114837646,-0.12681959569454193
1775033710708686000,25.36168603515625,9.556933403015137,2.541177749633789,-0.09810572862625122
1775033710760166700,25.413166748046876,9.578469276428223,2.2755744457244873,-0.36610186100006104
1775033710811647200,25.464647216796877,9.597611427307129,2.289931297302246,-0.45942193269729614
1775033710863127800,25.5161279296875,9.588040351867676,2.390429735183716,-0.38285163044929504
1775033710914608000,25.567608154296874,9.659825325012207,2.4263222217559814,-0.23210379481315613
1775033710966088700,25.619088623046874,9.497113227844238,2.531606435775757,-0.4498506486415863
1775033711017569300,25.6705693359375,9.511469841003418,2.612962245941162,-0.45942193269729614
1775033711069049900,25.7220498046875,9.626325607299805,2.524427890777588,-0.33499518036842346
1775033711120530400,25.773530517578124,9.504291534423828,2.4047868251800537,-0.27038896083831787
1775033711172011000,25.825010986328124,9.578469276428223,2.4526431560516357,-0.08135596662759781
1775033711223491600,25.87649169921875,9.588040351867676,2.344966173171997,-0.18903298676013947
1775033711274972000,25.927971923828125,9.611968994140625,2.4287149906158447,-0.15553347766399384
1775033711326452500,25.979452392578125,9.540184020996094,2.3401806354522705,-0.016749758273363113
1775033711377933000,26.03093310546875,9.559326171875,2.352144718170166,0.25363919138908386
1775033711429413600,26.08241357421875,9.628718376159668,2.3330020904541016,0.19381862878799438
1775033711480894200,26.133894287109374,9.638289451599121,2.344966173171997,0.2560320198535919
1775033711532374500,26.18537451171875,9.446864128112793,2.447857618331909,0.34217363595962524
1775033711583855000,26.236855224609375,9.588040351867676,2.4885356426239014,-0.23210379481315613
1775033711635335700,26.288335693359375,9.54496955871582,2.3880369663238525,-0.06699903309345245
1775033711686816300,26.339816162109376,9.55214786529541,2.4502503871917725,-0.11724831163883209
1775033711738296800,26.391296875,9.56650447845459,2.445464849472046,-0.13160525262355804
1775033711789777400,26.44277734375,9.638289451599121,2.344966173171997,-0.10289137065410614
1775033711841258000,26.494258056640625,9.535398483276367,2.3617160320281982,-0.05024927482008934
1775033711892738300,26.54573828125,9.540184020996094,2.5124638080596924,-0.035892341285943985
1775033711944219000,26.597218994140626,9.521040916442871,2.3641088008880615,0.07657032459974289
1775033711995699500,26.648699462890626,9.647860527038574,2.4981069564819336,0.11006984114646912
1775033712047180000,26.700179931640626,9.482755661010742,2.524427890777588,0.08853443711996078
1775033712098660600,26.75166064453125,9.597611427307129,2.4287149906158447,0.019142581149935722
1775033712150141200,26.80314111328125,9.600004196166992,2.3712873458862305,0.064606212079525
1775033712201621800,26.854621826171876,9.602396965026855,2.368894338607788,0.03349951654672623
1775033712253102000,26.90610205078125,9.607182502746582,2.4406790733337402,-0.062213387340307236
1775033712304582700,26.957582763671876,9.57607650756836,2.469393014907837,-0.19142581522464752
1775033712356063200,27.009063232421877,9.590433120727539,2.3736801147460938,-0.11964113265275955
1775033712407543800,27.060543701171873,9.463613510131836,2.6177480220794678,-0.24646073579788208
1775033712459024400,27.1120244140625,9.518648147583008,2.5196423530578613,-0.2105683982372284
1775033712510504700,27.163504638671874,9.578469276428223,2.53399920463562,-0.11246266216039658
1775033712561985300,27.2149853515625,9.547362327575684,2.4358935356140137,-0.07178468257188797
1775033712613465900,27.2664658203125,9.573683738708496,2.431107759475708,-0.18903298676013947
1775033712664946400,27.317946533203123,9.533005714416504,2.5196423530578613,-0.14835500717163086
1775033712716427000,27.369427001953124,9.556933403015137,2.4287149906158447,-0.09092725813388824
1775033712767907600,27.420907470703124,9.53779125213623,2.4430718421936035,-0.15074782073497772
1775033712819388200,27.47238818359375,9.633503913879395,2.510071039199829,-0.15314064919948578
1775033712913769000,27.56676904296875,9.595218658447266,2.0745773315429688,-0.13878370821475983
1775033712965249500,27.61824951171875,9.643074989318848,2.4430718421936035,-0.031106693670153618
1775033713016730000,27.669730224609374,9.45164966583252,2.4981069564819336,-0.014356935396790504
1775033713068210700,27.721210693359374,9.54496955871582,2.667997360229492,-0.2919243574142456
1775033713119691300,27.772691162109375,9.525827407836914,2.4885356426239014,-0.13160525262355804
1775033713171171600,27.824171630859375,9.602396965026855,2.4670002460479736,-0.13639089465141296
1775033713222652200,27.875652099609376,9.619147300720215,2.3090739250183105,-0.2847459018230438
1775033713274132700,27.9271328125,9.595218658447266,2.337787628173828,-0.23688943684101105
1775033713325613300,27.97861328125,9.55214786529541,2.366501569747925,-0.24167509377002716
1775033713377094000,28.030093994140625,9.659825325012207,2.337787628173828,-0.25363919138908386
1775033713428574500,28.081574462890625,9.556933403015137,2.3808584213256836,-0.3445664644241333
1775033713480055000,28.133054931640626,9.578469276428223,2.3736801147460938,-0.19381862878799438
1775033713531535400,28.184535400390626,9.597611427307129,2.421536445617676,-0.0933200865983963
1775033713583016000,28.236015869140626,9.55214786529541,2.311466693878174,-0.11246266216039658
1775033713634496500,28.28749658203125,9.611968994140625,2.352144718170166,-0.2105683982372284
1775033713685977000,28.33897705078125,9.590433120727539,2.342573404312134,-0.2560320198535919
1775033713737457700,28.390457763671876,9.595218658447266,2.328216314315796,-0.27038896083831787
1775033713788938000,28.44193798828125,9.602396965026855,2.390429735183716,-0.30628129839897156
1775033713840418600,28.49341845703125,9.53061294555664,2.352144718170166,-0.41874396800994873
1775033713891899100,28.544899169921877,9.592825889587402,2.366501569747925,-0.46899324655532837
1775033713943379700,28.596379638671873,9.57607650756836,2.3473589420318604,-0.46420758962631226
1775033713994860300,28.6478603515625,9.56889820098877,2.3473589420318604,-0.48095735907554626
1775033714046340900,28.6993408203125,9.45882797241211,2.337787628173828,-0.5144568681716919
1775033714097821400,28.750821533203126,9.68375301361084,2.282752752304077,-0.5982056856155396
1775033714149301800,28.8023017578125,9.549755096435547,2.2683959007263184,-0.5623133182525635
1775033714200782300,28.8537822265625,9.657432556152344,2.1655044555664062,-0.6891329288482666
1775033714252263000,28.905262939453124,9.616754531860352,2.304288148880005,-0.5934200286865234
1775033714303743500,28.956743408203124,9.578469276428223,2.2540390491485596,-0.6197410821914673
1775033714355224000,29.00822412109375,9.626325607299805,2.2755744457244873,-0.5886343717575073
1775033714406704400,29.059704345703125,9.573683738708496,2.304288148880005,-0.5312066078186035
1775033714458185000,29.11118505859375,9.54496955871582,2.2923240661621094,-0.5072783827781677
1775033714509665500,29.16266552734375,9.616754531860352,2.321038007736206,-0.5335994362831116
1775033714561146000,29.21414599609375,9.592825889587402,2.297109842300415,-0.5647061467170715
1775033714612626700,29.265626708984374,9.580862045288086,2.3090739250183105,-0.5096712112426758
1775033714664107300,29.317107177734375,9.588040351867676,2.313859462738037,-0.5240281820297241
1775033714715587800,29.368587890625,9.56889820098877,2.3258235454559326,-0.48813581466674805
1775033714767068400,29.420068359375,9.602396965026855,2.2923240661621094,-0.4953143000602722
1775033714818548700,29.471548828125,9.58325481414795,2.3258235454559326,-0.4977070987224579
1775033714870029300,29.523029296875,9.58325481414795,2.328216314315796,-0.46899324655532837
1775033714921510000,29.574510009765625,9.595218658447266,2.273181438446045,-0.4666004180908203
1775033714972990500,29.625990478515625,9.600004196166992,2.3162522315979004,-0.5359922647476196
1775033715024471000,29.677470947265626,9.585647583007812,2.3330020904541016,-0.48574298620224
1775033715075951400,29.728951416015626,9.57607650756836,2.313859462738037,-0.4713860750198364
1775033715127432000,29.780431884765626,9.58325481414795,2.3234307765960693,-0.4426721930503845
1775033715178912500,29.83191259765625,9.621540069580078,2.2947168350219727,-0.5072783827781677
1775033715273293600,29.92629345703125,9.528220176696777,2.273181438446045,-0.43549370765686035
1775033715324774100,29.977774169921876,9.623932838439941,2.3712873458862305,-0.42831525206565857
1775033715376254700,30.029254638671876,9.571290969848633,2.2157537937164307,-0.35413774847984314
1775033715427735000,30.080735107421877,9.640682220458984,2.2396819591522217,-0.48095735907554626
1775033715479215600,30.132215576171873,9.580862045288086,2.328216314315796,-0.4618147611618042
1775033715573596700,30.2265966796875,9.611968994140625,2.3497519493103027,-0.6005984544754028
1775033715625077200,30.2780771484375,9.53779125213623,2.3162522315979004,-0.6293123364448547
1775033715719458000,30.3724580078125,9.600004196166992,2.368894338607788,-0.6867401003837585
1775033715770938600,30.423938720703124,9.549755096435547,2.337787628173828,-0.6173482537269592
1775033715822419200,30.475419189453124,9.564111709594727,2.392822742462158,-0.6340979933738708
1775033715873899800,30.526899658203124,9.580862045288086,2.3473589420318604,-0.5910272002220154
1775033715925380400,30.57838037109375,9.578469276428223,2.376072883605957,-0.5814558863639832
1775033715976860700,30.629860595703125,9.55214786529541,2.3234307765960693,-0.5168496966362
1775033716028341200,30.68134130859375,9.623932838439941,2.273181438446045,-0.48813581466674805
1775033716079821800,30.73282177734375,9.58325481414795,2.311466693878174,-0.5216353535652161
1775033716131302400,30.784302490234374,9.580862045288086,2.304288148880005,-0.4785645306110382
1775033716182783000,30.835782958984375,9.621540069580078,2.3162522315979004,-0.45942193269729614
1775033716234263300,30.88726318359375,9.619147300720215,2.2779672145843506,-0.42831525206565857
1775033716285743900,30.938743896484375,9.614361763000488,2.2779672145843506,-0.4450650215148926
1775033716337224400,30.990224365234376,9.578469276428223,2.3162522315979004,-0.37088751792907715
1775033716388705000,31.041705078125,9.578469276428223,2.2995026111602783,-0.4570291340351105
1775033716440185600,31.093185546875,9.604789733886719,2.273181438446045,-0.5072783827781677
1775033716491666200,31.144666259765625,9.616754531860352,2.287538528442383,-0.44745782017707825
1775033716543146500,31.196146484375,9.564111709594727,2.280359983444214,-0.47617170214653015
1775033716594627000,31.247626953125,9.626325607299805,2.273181438446045,-0.47617170214653015
1775033716646107600,31.299107666015626,9.56889820098877,2.249253273010254,-0.5527420043945312
1775033716697588200,31.350588134765626,9.604789733886719,2.3090739250183105,-0.5359922647476196
1775033716791969000,31.444968994140623,9.554540634155273,2.313859462738037,-0.5742774605751038
1775033716843449600,31.49644970703125,9.614361763000488,2.337787628173828,-0.6532405614852905
1775033716894930200,31.54793017578125,9.58325481414795,2.258824586868286,-0.7034898400306702
1775033716946410800,31.59941064453125,9.607182502746582,2.328216314315796,-0.698704183101654
1775033716997891000,31.65089111328125,9.53061294555664,2.3473589420318604,-0.6317051649093628
1775033717049371600,31.70237158203125,9.554540634155273,2.3569302558898926,-0.6125625967979431
1775033717100852200,31.753852294921874,9.590433120727539,2.2947168350219727,-0.5623133182525635
1775033717152332800,31.805332763671874,9.631111145019531,2.344966173171997,-0.5551348328590393
1775033717203813400,31.8568134765625,9.547362327575684,2.3162522315979004,-0.5096712112426758
1775033717255293700,31.908293701171875,9.614361763000488,2.3018953800201416,-0.5359922647476196
1775033717306774300,31.959774169921875,9.571290969848633,2.2851455211639404,-0.5048855543136597
1775033717358254800,32.0112548828125,9.621540069580078,2.3234307765960693,-0.550349235534668
1775033717409735200,32.06273510742187,9.578469276428223,2.256431818008423,-0.5551348328590393
1775033717461215700,32.1142158203125,9.633503913879395,2.3258235454559326,-0.5383850932121277
1775033717512696300,32.1656962890625,9.554540634155273,2.335394859313965,-0.49292147159576416
1775033717564177000,32.217177001953125,9.609575271606445,2.2612173557281494,-0.4570291340351105
1775033717615657500,32.268657470703126,9.623932838439941,2.2923240661621094,-0.44027936458587646
1775033717667137800,32.3201376953125,9.595218658447266,2.273181438446045,-0.38763725757598877
1775033717718618400,32.371618408203126,9.619147300720215,2.251646041870117,-0.45942193269729614
1775033717770099000,32.42309887695313,9.616754531860352,2.2947168350219727,-0.4666004180908203
1775033717821579500,32.47457958984375,9.564111709594727,2.2707886695861816,-0.4307080805301666
1775033717873059800,32.52605981445313,9.619147300720215,2.287538528442383,-0.4091726839542389
1775033717924540400,32.57754052734375,9.58325481414795,2.2995026111602783,-0.4618147611618042
1775033717976021000,32.62902099609375,9.602396965026855,2.2540390491485596,-0.4570291340351105
1775033718027501300,32.68050122070313,9.626325607299805,2.2923240661621094,-0.46899324655532837
1775033718078982000,32.73198193359375,9.57607650756836,2.2995026111602783,-0.44745782017707825
1775033718130462500,32.78346240234375,9.597611427307129,2.287538528442383,-0.5096712112426758
1775033718181943000,32.834943115234374,9.604789733886719,2.2612173557281494,-0.5240281820297241
1775033718233423400,32.88642333984375,9.600004196166992,2.297109842300415,-0.519242525100708
1775033718284904000,32.937904052734375,9.561718940734863,2.2851455211639404,-0.5718846321105957
1775033718336384500,32.989384521484375,9.616754531860352,2.287538528442383,-0.5623133182525635
1775033718387865000,33.040864990234375,9.571290969848633,2.3234307765960693,-0.5312066078186035
1775033718439345400,33.092345458984376,9.580862045288086,2.2947168350219727,-0.46899324655532837
1775033718490826000,33.143825927734376,9.614361763000488,2.3018953800201416,-0.5096712112426758
1775033718542306300,33.195306396484376,9.588040351867676,2.2707886695861816,-0.48095735907554626
1775033718593787000,33.24678686523438,9.626325607299805,2.297109842300415,-0.46899324655532837
1775033718645267500,33.29826733398438,9.592825889587402,2.297109842300415,-0.45942193269729614
1775033718696748000,33.349748046875,9.597611427307129,2.3018953800201416,-0.46899324655532837
1775033718748228400,33.40122827148438,9.588040351867676,2.2995026111602783,-0.4713860750198364
1775033718799709000,33.452708984375,9.600004196166992,2.2779672145843506,-0.44745782017707825
1775033718894090000,33.54709008789062,9.580862045288086,2.2755744457244873,-0.4737788736820221
1775033718945570300,33.5985703125,9.626325607299805,2.3018953800201416,-0.46899324655532837
1775033718997051000,33.65005078125,9.564111709594727,2.3018953800201416,-0.4833501875400543
1775033719048531500,33.701531494140625,9.592825889587402,2.3186452388763428,-0.46420758962631226
1775033719100011800,33.75301171875,9.588040351867676,2.2851455211639404,-0.4713860750198364
1775033719151492400,33.804492431640625,9.597611427307129,2.282752752304077,-0.48574298620224
1775033719202973000,33.855972900390626,9.58325481414795,2.304288148880005,-0.5024927258491516
1775033719254453500,33.90745361328125,9.607182502746582,2.321038007736206,-0.4953143000602722
1775033719305933800,33.958933837890626,9.595218658447266,2.311466693878174,-0.49292147159576416
1775033719357414400,34.01041430664063,9.600004196166992,2.313859462738037,-0.5168496966362
1775033719408895000,34.06189501953125,9.611968994140625,2.273181438446045,-0.4977070987224579
1775033719460375300,34.11337524414063,9.588040351867676,2.3258235454559326,-0.46899324655532837
1775033719511855900,34.16485595703125,9.571290969848633,2.3234307765960693,-0.4713860750198364
1775033719563336400,34.21633642578125,9.616754531860352,2.287538528442383,-0.49292147159576416
1775033719614816800,34.26781665039063,9.57607650756836,2.321038007736206,-0.48813581466674805
1775033719666297300,34.31929736328125,9.580862045288086,2.2995026111602783,-0.4570291340351105
1775033719717778000,34.37077783203125,9.619147300720215,2.2995026111602783,-0.48574298620224
1775033719769258200,34.42225830078125,9.57607650756836,2.2995026111602783,-0.4666004180908203
1775033719820738800,34.47373876953125,9.588040351867676,2.313859462738037,-0.4713860750198364
1775033719872219400,34.525219482421875,9.592825889587402,2.3234307765960693,-0.48813581466674805
1775033719923700000,34.576699951171875,9.588040351867676,2.3330020904541016,-0.5168496966362
1775033719975180300,34.62818017578125,9.580862045288086,2.3234307765960693,-0.4737788736820221
1775033720026660900,34.679660888671876,9.619147300720215,2.3090739250183105,-0.5000999569892883
1775033720078141400,34.731141357421876,9.595218658447266,2.3258235454559326,-0.4953143000602722
1775033720129622000,34.7826220703125,9.559326171875,2.3258235454559326,-0.46899324655532837
1775033720181102300,34.83410229492188,9.597611427307129,2.313859462738037,-0.4307080805301666
1775033720232583000,34.8855830078125,9.602396965026855,2.3330020904541016,-0.4450650215148926
1775033720284063500,34.9370634765625,9.592825889587402,2.2995026111602783,-0.46899324655532837
1775033720335543800,34.98854370117188,9.611968994140625,2.3186452388763428,-0.4905286431312561
1775033720387024400,35.0400244140625,9.57607650756836,2.3186452388763428,-0.48095735907554626
1775033720438505000,35.0915048828125,9.58325481414795,2.3090739250183105,-0.5048855543136597
1775033720489985300,35.1429853515625,9.592825889587402,2.2947168350219727,-0.5024927258491516
1775033720541465900,35.1944658203125,9.585647583007812,2.328216314315796,-0.5288137793540955
1775033720592946400,35.245946533203124,9.57607650756836,2.3186452388763428,-0.48574298620224
1775033720644427000,35.297427001953125,9.592825889587402,2.311466693878174,-0.49292147159576416
1775033720695907300,35.3489072265625,9.56889820098877,2.328216314315796,-0.4905286431312561
1775033720747388000,35.400387939453125,9.585647583007812,2.3234307765960693,-0.5120640397071838
1775033720798868500,35.451868408203126,9.609575271606445,2.321038007736206,-0.4953143000602722
1775033720893249300,35.546249267578126,9.595218658447266,2.335394859313965,-0.47617170214653015
1775033720944729900,35.59772973632813,9.58325481414795,2.2995026111602783,-0.4905286431312561
1775033720996210400,35.64921044921875,9.607182502746582,2.2851455211639404,-0.46899324655532837
1775033721047690800,35.70069067382813,9.597611427307129,2.287538528442383,-0.4713860750198364
1775033721099171300,35.75217138671875,9.57607650756836,2.2995026111602783,-0.5024927258491516
1775033721150652000,35.80365185546875,9.588040351867676,2.321038007736206,-0.4737788736820221
1775033721202132200,35.85513232421875,9.621540069580078,2.3162522315979004,-0.4570291340351105
1775033721253612800,35.90661279296875,9.600004196166992,2.2779672145843506,-0.44745782017707825
1775033721305093400,35.95809326171875,9.561718940734863,2.306680917739868,-0.4378865361213684
1775033721356573700,36.00957373046875,9.602396965026855,2.3162522315979004,-0.4139583110809326
1775033721408054300,36.06105419921875,9.609575271606445,2.256431818008423,-0.4833501875400543
1775033721459534800,36.112534912109375,9.614361763000488,2.2779672145843506,-0.5240281820297241
1775033721553915600,36.20691552734375,9.564111709594727,2.321038007736206,-0.5455635786056519
1775033721605396200,36.258396240234376,9.588040351867676,2.3234307765960693,-0.5814558863639832
1775033721656876800,36.309876708984376,9.573683738708496,2.306680917739868,-0.5934200286865234
1775033721708357400,36.361357421875,9.590433120727539,2.2995026111602783,-0.6269195079803467
1775033721759837700,36.41283764648438,9.592825889587402,2.344966173171997,-0.5551348328590393
1775033721854218800,36.50721875,9.588040351867676,2.306680917739868,-0.5335994362831116
1775033721905699000,36.55869897460938,9.58325481414795,2.3258235454559326,-0.5240281820297241
1775033721957179600,36.6101796875,9.588040351867676,2.3162522315979004,-0.45224347710609436
1775033722008660200,36.66166015625,9.595218658447266,2.3473589420318604,-0.4331009089946747
1775033722060140800,36.713140869140624,9.578469276428223,2.289931297302246,-0.4163511395454407
1775033722111621000,36.76462109375,9.607182502746582,2.3306093215942383,-0.4833501875400543
1775033722163101700,36.816101806640624,9.580862045288086,2.306680917739868,-0.44027936458587646
1775033722214582300,36.867582275390625,9.55214786529541,2.311466693878174,-0.4450650215148926
1775033722266062800,36.919062744140625,9.592825889587402,2.3330020904541016,-0.48574298620224
1775033722317543200,36.970543212890625,9.588040351867676,2.2851455211639404,-0.5288137793540955
1775033722369023700,37.022023681640626,9.58325481414795,2.289931297302246,-0.5623133182525635
1775033722420504300,37.07350439453125,9.592825889587402,2.3545374870300293,-0.5359922647476196
1775033722471984600,37.124984619140626,9.56650447845459,2.3473589420318604,-0.5479564070701599
1775033722523465200,37.17646533203125,9.57607650756836,2.3306093215942383,-0.5479564070701599
1775033722574945800,37.22794580078125,9.595218658447266,2.311466693878174,-0.5240281820297241
1775033722626426000,37.27942602539063,9.580862045288086,2.3162522315979004,-0.5168496966362
1775033722677906700,37.33090673828125,9.616754531860352,2.289931297302246,-0.4953143000602722
1775033722729387300,37.38238720703125,9.588040351867676,2.3186452388763428,-0.5096712112426758
1775033722780867800,37.43386791992187,9.592825889587402,2.311466693878174,-0.4713860750198364
1775033722832348200,37.48534814453125,9.573683738708496,2.328216314315796,-0.4833501875400543
1775033722883828700,37.536828857421874,9.592825889587402,2.328216314315796,-0.5575276613235474
1775033722935309300,37.588309326171874,9.573683738708496,2.3090739250183105,-0.519242525100708
1775033722986789600,37.63978955078125,9.597611427307129,2.3234307765960693,-0.5335994362831116
1775033723038270200,37.691270263671875,9.580862045288086,2.3497519493103027,-0.5455635786056519
1775033723089750800,37.742750732421875,9.571290969848633,2.3545374870300293,-0.5216353535652161
1775033723141231400,37.7942314453125,9.580862045288086,2.306680917739868,-0.4953143000602722
1775033723192711700,37.845711669921876,9.604789733886719,2.306680917739868,-0.48574298620224
1775033723244192300,37.897192138671876,9.609575271606445,2.3258235454559326,-0.39960137009620667
1775033723295672800,37.9486728515625,9.590433120727539,2.2923240661621094,-0.3684946894645691
1775033723347153200,38.00015307617188,9.578469276428223,2.3186452388763428,-0.5240281820297241
1775033723398633700,38.0516337890625,9.602396965026855,2.311466693878174,-0.5359922647476196
1775033723450114300,38.1031142578125,9.588040351867676,2.306680917739868,-0.4785645306110382
1775033723501595000,38.15459497070312,9.609575271606445,2.3162522315979004,-0.49292147159576416
1775033723553075200,38.2060751953125,9.525827407836914,2.344966173171997,-0.5455635786056519
1775033723604555800,38.2575556640625,9.619147300720215,2.313859462738037,-0.5814558863639832
1775033723656036400,38.309036376953124,9.573683738708496,2.3497519493103027,-0.5240281820297241
1775033723707516700,38.3605166015625,9.56889820098877,2.3401806354522705,-0.4498506486415863
1775033723758997200,38.411997314453124,9.595218658447266,2.3473589420318604,-0.4737788736820221
1775033723810477800,38.463477783203125,9.571290969848633,2.3090739250183105,-0.5455635786056519
1775033723861958100,38.514958251953125,9.609575271606445,2.337787628173828,-0.4498506486415863
1775033723913438700,38.566438720703125,9.554540634155273,2.3545374870300293,-0.38763725757598877
1775033723964919300,38.617919189453126,9.621540069580078,2.258824586868286,-0.5168496966362
1775033724016400000,38.66939990234375,9.57607650756836,2.383251428604126,-0.6891329288482666
1775033724067880200,38.720880126953126,9.580862045288086,2.3736801147460938,-0.672383189201355
1775033724119360800,38.77236083984375,9.540184020996094,2.3617160320281982,-0.7369893789291382
1775033724170841000,38.82384106445313,9.533005714416504,2.3880369663238525,-0.7537391185760498
1775033724222321700,38.87532177734375,9.57607650756836,2.407179594039917,-0.7776673436164856
1775033724273802200,38.92680224609375,9.511469841003418,2.4263222217559814,-0.7657032608985901
1775033724325282600,38.97828247070313,9.540184020996094,2.4741785526275635,-0.6460621356964111
1775033724376763100,39.02976318359375,9.592825889587402,2.3497519493103027,-0.5862415432929993
1775033724428243700,39.08124365234375,9.571290969848633,2.3234307765960693,-0.7417750358581543
1775033724479724300,39.132724365234374,9.58325481414795,2.3234307765960693,-0.5886343717575073
1775033724531204600,39.18420458984375,9.578469276428223,2.352144718170166,-0.31345975399017334
1775033724582685200,39.235685302734375,9.7005033493042,2.3497519493103027,-0.2560320198535919
1775033724634165800,39.287165771484375,9.559326171875,2.335394859313965,-0.28235307335853577
1775033724685646000,39.33864599609375,9.592825889587402,2.289931297302246,-0.19621145725250244
1775033724737126700,39.390126708984376,9.638289451599121,2.146361827850342,-0.13878370821475983
1775033724788607000,39.44160693359375,9.638289451599121,2.258824586868286,-0.2560320198535919
1775033724840087600,39.493087646484376,9.623932838439941,2.2540390491485596,-0.32303106784820557
1775033724891568000,39.54456811523438,9.590433120727539,2.282752752304077,-0.17228323221206665
1775033724943048400,39.59604833984375,9.595218658447266,2.3258235454559326,-0.3038884699344635
1775033724994529000,39.64752905273438,9.609575271606445,2.2636101245880127,-0.5599204897880554
1775033725046009600,39.69900952148438,9.592825889587402,2.311466693878174,-0.6963114142417908
1775033725097490000,39.75048999023438,9.521040916442871,2.3306093215942383,-0.6699903607368469
1775033725148970500,39.80197045898438,9.580862045288086,2.423929452896118,-0.6891329288482666
1775033725200451000,39.853451171875,9.482755661010742,2.3952155113220215,-0.9044869542121887
1775033725251931400,39.90493139648437,9.554540634155273,2.4598217010498047,-0.8446664214134216
1775033725303412000,39.95641186523437,9.521040916442871,2.4263222217559814,-0.729810893535614
1775033725354892300,40.00789233398437,9.607182502746582,2.3952155113220215,-0.6029912829399109
1775033725406372900,40.05937280273437,9.523433685302734,2.383251428604126,-0.5575276613235474
1775033725457853400,40.110853515625,9.580862045288086,2.423929452896118,-0.5288137793540955
1775033725509333800,40.162333740234374,9.56889820098877,2.344966173171997,-0.49292147159576416
1775033725560814300,40.213814453125,9.561718940734863,2.390429735183716,-0.47617170214653015
1775033725612295000,40.265294921875,9.578469276428223,2.366501569747925,-0.4331009089946747
1775033725663775200,40.316775146484375,9.592825889587402,2.3569302558898926,-0.4785645306110382
1775033725715255800,40.368255859375,9.578469276428223,2.3736801147460938,-0.4785645306110382
1775033725766736400,40.419736328125,9.573683738708496,2.368894338607788,-0.5168496966362
1775033725818216700,40.471216796875,9.590433120727539,2.383251428604126,-0.4953143000602722
1775033725869697300,40.522697265625,9.571290969848633,2.366501569747925,-0.5431707501411438
1775033725921177600,40.574177490234376,9.588040351867676,2.4047868251800537,-0.48574298620224
1775033725972658200,40.625658203125,9.549755096435547,2.3808584213256836,-0.5072783827781677
1775033726024138800,40.677138671875,9.57607650756836,2.3808584213256836,-0.5312066078186035
1775033726075619000,40.728619140625,9.56889820098877,2.390429735183716,-0.5647061467170715
1775033726127099600,40.780099609375,9.547362327575684,2.4119651317596436,-0.5240281820297241
1775033726178580200,40.83158032226562,9.590433120727539,2.3880369663238525,-0.5647061467170715
1775033726230060500,40.883060546875,9.55214786529541,2.3952155113220215,-0.5814558863639832
1775033726281541000,40.934541015625,9.55214786529541,2.3976082801818848,-0.5647061467170715
1775033726333021700,40.986021728515624,9.43489933013916,2.4574289321899414,-0.46420758962631226
1775033726384502000,41.037501953125,9.497113227844238,2.3880369663238525,-0.44027936458587646
